<cacti>	
	<hash_000024a32afa044f27e94b2ff9f35f42d3b8a9>
		<name>GMC-320 - CPM values</name>
		<graph>
			<t_title></t_title>
			<title>GMC-320 - Counts Per Minute</title>
			<t_image_format_id></t_image_format_id>
			<image_format_id>1</image_format_id>
			<t_height></t_height>
			<height>120</height>
			<t_width></t_width>
			<width>500</width>
			<t_slope_mode></t_slope_mode>
			<slope_mode>on</slope_mode>
			<t_auto_scale></t_auto_scale>
			<auto_scale>on</auto_scale>
			<t_auto_scale_opts></t_auto_scale_opts>
			<auto_scale_opts>2</auto_scale_opts>
			<t_auto_scale_log></t_auto_scale_log>
			<auto_scale_log></auto_scale_log>
			<t_scale_log_units></t_scale_log_units>
			<scale_log_units></scale_log_units>
			<t_auto_scale_rigid></t_auto_scale_rigid>
			<auto_scale_rigid>on</auto_scale_rigid>
			<t_auto_padding></t_auto_padding>
			<auto_padding>on</auto_padding>
			<t_export></t_export>
			<export>on</export>
			<t_upper_limit></t_upper_limit>
			<upper_limit>100</upper_limit>
			<t_lower_limit></t_lower_limit>
			<lower_limit>0</lower_limit>
			<t_base_value></t_base_value>
			<base_value>1000</base_value>
			<t_unit_value></t_unit_value>
			<unit_value>0</unit_value>
			<t_unit_exponent_value></t_unit_exponent_value>
			<unit_exponent_value>0</unit_exponent_value>
			<t_vertical_label></t_vertical_label>
			<vertical_label>Counts</vertical_label>
		</graph>
		<items>
			<hash_1000247cebff534a871c66790c210d4f4cfa30>
				<task_item_id>hash_0800246db9a926f6f4312775e636c6faee28c5</task_item_id>
				<color_id>0000FF</color_id>
				<alpha>4C</alpha>
				<graph_type_id>2</graph_type_id>
				<consolidation_function_id>1</consolidation_function_id>
				<cdef_id>hash_050024ee0c7a8db4d87389d7955b7f5bc7e1b5</cdef_id>
				<value>|99:bits:1:current:0|</value>
				<gprint_id>hash_06002419414480d6897c8731c7dc6c5310653e</gprint_id>
				<text_format></text_format>
				<hard_return></hard_return>
				<sequence>1</sequence>
			</hash_1000247cebff534a871c66790c210d4f4cfa30>
			<hash_1000244c27c36626c04406c4845bf62f462640>
				<task_item_id>hash_0800246db9a926f6f4312775e636c6faee28c5</task_item_id>
				<color_id>FF00FF</color_id>
				<alpha>19</alpha>
				<graph_type_id>7</graph_type_id>
				<consolidation_function_id>1</consolidation_function_id>
				<cdef_id>0</cdef_id>
				<value></value>
				<gprint_id>hash_06002419414480d6897c8731c7dc6c5310653e</gprint_id>
				<text_format></text_format>
				<hard_return></hard_return>
				<sequence>2</sequence>
			</hash_1000244c27c36626c04406c4845bf62f462640>
			<hash_100024c4d350146b2465a46702eb16b4b75ec6>
				<task_item_id>hash_0800246db9a926f6f4312775e636c6faee28c5</task_item_id>
				<color_id>FF00FF</color_id>
				<alpha>FF</alpha>
				<graph_type_id>5</graph_type_id>
				<consolidation_function_id>1</consolidation_function_id>
				<cdef_id>0</cdef_id>
				<value></value>
				<gprint_id>hash_06002419414480d6897c8731c7dc6c5310653e</gprint_id>
				<text_format>CPM</text_format>
				<hard_return></hard_return>
				<sequence>3</sequence>
			</hash_100024c4d350146b2465a46702eb16b4b75ec6>
			<hash_100024c25426ec7b01f06adbc43c61794219b5>
				<task_item_id>hash_0800246db9a926f6f4312775e636c6faee28c5</task_item_id>
				<color_id>0</color_id>
				<alpha>FF</alpha>
				<graph_type_id>9</graph_type_id>
				<consolidation_function_id>4</consolidation_function_id>
				<cdef_id>0</cdef_id>
				<value></value>
				<gprint_id>hash_060024f76de9989a66576a07201a09c0500dbd</gprint_id>
				<text_format>\tCurrent: </text_format>
				<hard_return></hard_return>
				<sequence>4</sequence>
			</hash_100024c25426ec7b01f06adbc43c61794219b5>
			<hash_1000247e644e19cc1c2d00ccff3b2c033cb080>
				<task_item_id>hash_0800246db9a926f6f4312775e636c6faee28c5</task_item_id>
				<color_id>0</color_id>
				<alpha>FF</alpha>
				<graph_type_id>9</graph_type_id>
				<consolidation_function_id>1</consolidation_function_id>
				<cdef_id>0</cdef_id>
				<value></value>
				<gprint_id>hash_060024f76de9989a66576a07201a09c0500dbd</gprint_id>
				<text_format>Average: </text_format>
				<hard_return></hard_return>
				<sequence>5</sequence>
			</hash_1000247e644e19cc1c2d00ccff3b2c033cb080>
			<hash_100024e07ef4db8c9f8106c5980fff37ce7865>
				<task_item_id>hash_0800246db9a926f6f4312775e636c6faee28c5</task_item_id>
				<color_id>0</color_id>
				<alpha>FF</alpha>
				<graph_type_id>9</graph_type_id>
				<consolidation_function_id>2</consolidation_function_id>
				<cdef_id>0</cdef_id>
				<value></value>
				<gprint_id>hash_060024f76de9989a66576a07201a09c0500dbd</gprint_id>
				<text_format>Range: </text_format>
				<hard_return></hard_return>
				<sequence>6</sequence>
			</hash_100024e07ef4db8c9f8106c5980fff37ce7865>
			<hash_100024c7a639ad17b16ac4387e4c416ca51340>
				<task_item_id>hash_0800246db9a926f6f4312775e636c6faee28c5</task_item_id>
				<color_id>0</color_id>
				<alpha>FF</alpha>
				<graph_type_id>9</graph_type_id>
				<consolidation_function_id>3</consolidation_function_id>
				<cdef_id>0</cdef_id>
				<value></value>
				<gprint_id>hash_060024f76de9989a66576a07201a09c0500dbd</gprint_id>
				<text_format>- </text_format>
				<hard_return>on</hard_return>
				<sequence>11</sequence>
			</hash_100024c7a639ad17b16ac4387e4c416ca51340>
			<hash_100024aa56a4cfdd30f9172bc9f5fc0bb94899>
				<task_item_id>hash_0800246db9a926f6f4312775e636c6faee28c5</task_item_id>
				<color_id>0</color_id>
				<alpha>FF</alpha>
				<graph_type_id>1</graph_type_id>
				<consolidation_function_id>1</consolidation_function_id>
				<cdef_id>0</cdef_id>
				<value></value>
				<gprint_id>hash_060024e9c43831e54eca8069317a2ce8c6f751</gprint_id>
				<text_format></text_format>
				<hard_return>on</hard_return>
				<sequence>12</sequence>
			</hash_100024aa56a4cfdd30f9172bc9f5fc0bb94899>
			<hash_100024aa6af1db5df23855a1121e67ca2d89e2>
				<task_item_id>hash_0800246db9a926f6f4312775e636c6faee28c5</task_item_id>
				<color_id>0</color_id>
				<alpha>FF</alpha>
				<graph_type_id>1</graph_type_id>
				<consolidation_function_id>1</consolidation_function_id>
				<cdef_id>0</cdef_id>
				<value></value>
				<gprint_id>hash_060024e9c43831e54eca8069317a2ce8c6f751</gprint_id>
				<text_format>\tSievert\t</text_format>
				<hard_return></hard_return>
				<sequence>13</sequence>
			</hash_100024aa6af1db5df23855a1121e67ca2d89e2>
			<hash_1000248c8f35104d5278867070f2425814092d>
				<task_item_id>hash_0800246db9a926f6f4312775e636c6faee28c5</task_item_id>
				<color_id>0</color_id>
				<alpha>FF</alpha>
				<graph_type_id>9</graph_type_id>
				<consolidation_function_id>1</consolidation_function_id>
				<cdef_id>hash_050024d447c5ff7a0178fc8fbb876664d9e537</cdef_id>
				<value></value>
				<gprint_id>hash_060024bf29fc5b9d98d790bfb1c8f16bde6146</gprint_id>
				<text_format>Total: </text_format>
				<hard_return></hard_return>
				<sequence>14</sequence>
			</hash_1000248c8f35104d5278867070f2425814092d>
			<hash_100024b810960113b5907a5c2fd02a8081d341>
				<task_item_id>hash_0800246db9a926f6f4312775e636c6faee28c5</task_item_id>
				<color_id>0</color_id>
				<alpha>FF</alpha>
				<graph_type_id>9</graph_type_id>
				<consolidation_function_id>1</consolidation_function_id>
				<cdef_id>hash_050024cc05d5a35f0251c7f8a31ffb1672303c</cdef_id>
				<value></value>
				<gprint_id>hash_060024bf29fc5b9d98d790bfb1c8f16bde6146</gprint_id>
				<text_format>\tAverage: </text_format>
				<hard_return>on</hard_return>
				<sequence>15</sequence>
			</hash_100024b810960113b5907a5c2fd02a8081d341>
			<hash_100024e2cc44c8565384663d9e65baf6bfb969>
				<task_item_id>hash_0800246db9a926f6f4312775e636c6faee28c5</task_item_id>
				<color_id>0</color_id>
				<alpha>FF</alpha>
				<graph_type_id>1</graph_type_id>
				<consolidation_function_id>1</consolidation_function_id>
				<cdef_id>0</cdef_id>
				<value></value>
				<gprint_id>hash_060024e9c43831e54eca8069317a2ce8c6f751</gprint_id>
				<text_format>\tRoentgen\t</text_format>
				<hard_return></hard_return>
				<sequence>16</sequence>
			</hash_100024e2cc44c8565384663d9e65baf6bfb969>
			<hash_100024529bc6ba5bc3c93595066f00a75dac94>
				<task_item_id>hash_0800246db9a926f6f4312775e636c6faee28c5</task_item_id>
				<color_id>0</color_id>
				<alpha>FF</alpha>
				<graph_type_id>9</graph_type_id>
				<consolidation_function_id>1</consolidation_function_id>
				<cdef_id>hash_0500244c68affe923a8ead196811f02f86ac83</cdef_id>
				<value></value>
				<gprint_id>hash_0600245e7ca625bb1039ad21c47e7ac0108de7</gprint_id>
				<text_format>Total: </text_format>
				<hard_return></hard_return>
				<sequence>17</sequence>
			</hash_100024529bc6ba5bc3c93595066f00a75dac94>
			<hash_100024035df86af5fee88c7048e1b429e22506>
				<task_item_id>hash_0800246db9a926f6f4312775e636c6faee28c5</task_item_id>
				<color_id>0</color_id>
				<alpha>FF</alpha>
				<graph_type_id>9</graph_type_id>
				<consolidation_function_id>1</consolidation_function_id>
				<cdef_id>hash_0500245764784fd28689040b6d543a3b46858e</cdef_id>
				<value></value>
				<gprint_id>hash_0600245e7ca625bb1039ad21c47e7ac0108de7</gprint_id>
				<text_format>\tAverage: </text_format>
				<hard_return>on</hard_return>
				<sequence>18</sequence>
			</hash_100024035df86af5fee88c7048e1b429e22506>
			<hash_100024db0b66b2f608685f03a509a3e268de87>
				<task_item_id>hash_0800246db9a926f6f4312775e636c6faee28c5</task_item_id>
				<color_id>0</color_id>
				<alpha>FF</alpha>
				<graph_type_id>1</graph_type_id>
				<consolidation_function_id>1</consolidation_function_id>
				<cdef_id>0</cdef_id>
				<value></value>
				<gprint_id>hash_060024e9c43831e54eca8069317a2ce8c6f751</gprint_id>
				<text_format></text_format>
				<hard_return>on</hard_return>
				<sequence>19</sequence>
			</hash_100024db0b66b2f608685f03a509a3e268de87>
			<hash_100024f01a453447e59d5422c285a7eb631fee>
				<task_item_id>hash_0800246db9a926f6f4312775e636c6faee28c5</task_item_id>
				<color_id>0</color_id>
				<alpha>FF</alpha>
				<graph_type_id>1</graph_type_id>
				<consolidation_function_id>1</consolidation_function_id>
				<cdef_id>0</cdef_id>
				<value></value>
				<gprint_id>hash_060024e9c43831e54eca8069317a2ce8c6f751</gprint_id>
				<text_format>Note: exposures are calculated estimates.</text_format>
				<hard_return>on</hard_return>
				<sequence>20</sequence>
			</hash_100024f01a453447e59d5422c285a7eb631fee>
		</items>
		<inputs>
			<hash_0900241ae35e9220634cb1fc18889f4a848bd7>
				<name>Data Source [CPM]</name>
				<description></description>
				<column_name>task_item_id</column_name>
				<items>hash_000024c25426ec7b01f06adbc43c61794219b5|hash_0000247e644e19cc1c2d00ccff3b2c033cb080|hash_000024c4d350146b2465a46702eb16b4b75ec6|hash_0000248c8f35104d5278867070f2425814092d|hash_0000247cebff534a871c66790c210d4f4cfa30|hash_000024e07ef4db8c9f8106c5980fff37ce7865|hash_0000244c27c36626c04406c4845bf62f462640|hash_000024aa6af1db5df23855a1121e67ca2d89e2|hash_000024b810960113b5907a5c2fd02a8081d341|hash_000024c7a639ad17b16ac4387e4c416ca51340|hash_000024e2cc44c8565384663d9e65baf6bfb969|hash_000024529bc6ba5bc3c93595066f00a75dac94|hash_000024035df86af5fee88c7048e1b429e22506|hash_000024aa56a4cfdd30f9172bc9f5fc0bb94899|hash_000024f01a453447e59d5422c285a7eb631fee|hash_000024db0b66b2f608685f03a509a3e268de87</items>
			</hash_0900241ae35e9220634cb1fc18889f4a848bd7>
		</inputs>
	</hash_000024a32afa044f27e94b2ff9f35f42d3b8a9>
	<hash_01002460e3866b29fdcc218cc89cd8212461e3>
		<name>GQ - CPM</name>
		<ds>
			<t_name></t_name>
			<name>Geiger - Count Per Minute</name>
			<data_input_id>hash_0300249c25809b915536942325bffdccf6339f</data_input_id>
			<t_rra_id></t_rra_id>
			<t_rrd_step></t_rrd_step>
			<rrd_step>300</rrd_step>
			<t_active></t_active>
			<active>on</active>
			<rra_items>hash_150024c21df5178e5c955013591239eb0afd46|hash_1500240d9c0af8b8acdc7807943937b3208e29|hash_1500246fc2d038fb42950138b0ce3e9874cc60|hash_150024e36f3adb9f152adfa5dc50fd2b23337e</rra_items>
		</ds>
		<items>
			<hash_0800246db9a926f6f4312775e636c6faee28c5>
				<t_data_source_name></t_data_source_name>
				<data_source_name>CPM</data_source_name>
				<t_rrd_minimum></t_rrd_minimum>
				<rrd_minimum>U</rrd_minimum>
				<t_rrd_maximum></t_rrd_maximum>
				<rrd_maximum>U</rrd_maximum>
				<t_data_source_type_id></t_data_source_type_id>
				<data_source_type_id>1</data_source_type_id>
				<t_rrd_heartbeat></t_rrd_heartbeat>
				<rrd_heartbeat>600</rrd_heartbeat>
				<t_data_input_field_id></t_data_input_field_id>
				<data_input_field_id>hash_070024d876b037633a4400515a8d1f7f79515c</data_input_field_id>
			</hash_0800246db9a926f6f4312775e636c6faee28c5>
		</items>
		<data>
		</data>
	</hash_01002460e3866b29fdcc218cc89cd8212461e3>
	<hash_0300249c25809b915536942325bffdccf6339f>
		<name>GQ - GMC-320Re 3.22</name>
		<type_id>1</type_id>
		<input_string>python &lt;path_cacti&gt;/scripts/geiger.py</input_string>
		<fields>
			<hash_070024d876b037633a4400515a8d1f7f79515c>
				<name>Count Per Minute</name>
				<update_rra>on</update_rra>
				<regexp_match></regexp_match>
				<allow_nulls></allow_nulls>
				<type_code></type_code>
				<input_output>out</input_output>
				<data_name>CPM</data_name>
			</hash_070024d876b037633a4400515a8d1f7f79515c>
		</fields>
	</hash_0300249c25809b915536942325bffdccf6339f>
	<hash_150024c21df5178e5c955013591239eb0afd46>
		<name>Daily (5 Minute Average)</name>
		<x_files_factor>0.5</x_files_factor>
		<steps>1</steps>
		<rows>600</rows>
		<timespan>86400</timespan>
		<cf_items>1|3</cf_items>
	</hash_150024c21df5178e5c955013591239eb0afd46>
	<hash_1500240d9c0af8b8acdc7807943937b3208e29>
		<name>Weekly (30 Minute Average)</name>
		<x_files_factor>0.5</x_files_factor>
		<steps>6</steps>
		<rows>700</rows>
		<timespan>604800</timespan>
		<cf_items>1|3</cf_items>
	</hash_1500240d9c0af8b8acdc7807943937b3208e29>
	<hash_1500246fc2d038fb42950138b0ce3e9874cc60>
		<name>Monthly (2 Hour Average)</name>
		<x_files_factor>0.5</x_files_factor>
		<steps>24</steps>
		<rows>775</rows>
		<timespan>2678400</timespan>
		<cf_items>1|3</cf_items>
	</hash_1500246fc2d038fb42950138b0ce3e9874cc60>
	<hash_150024e36f3adb9f152adfa5dc50fd2b23337e>
		<name>Yearly (1 Day Average)</name>
		<x_files_factor>0.5</x_files_factor>
		<steps>288</steps>
		<rows>797</rows>
		<timespan>33053184</timespan>
		<cf_items>1|3</cf_items>
	</hash_150024e36f3adb9f152adfa5dc50fd2b23337e>
	<hash_050024ee0c7a8db4d87389d7955b7f5bc7e1b5>
		<name>Trend</name>
		<items>
			<hash_14002488424e20bbd7038ec89995e9821012fe>
				<sequence>1</sequence>
				<type>4</type>
				<value>CURRENT_DATA_SOURCE</value>
			</hash_14002488424e20bbd7038ec89995e9821012fe>
			<hash_140024ec07bce934d5c01c828c6df62b0f331b>
				<sequence>2</sequence>
				<type>6</type>
				<value>1800</value>
			</hash_140024ec07bce934d5c01c828c6df62b0f331b>
			<hash_140024cc9a478dcb35540cc1d8e3b69f89d671>
				<sequence>3</sequence>
				<type>6</type>
				<value>TREND</value>
			</hash_140024cc9a478dcb35540cc1d8e3b69f89d671>
		</items>
	</hash_050024ee0c7a8db4d87389d7955b7f5bc7e1b5>
	<hash_050024d447c5ff7a0178fc8fbb876664d9e537>
		<name>Geiger - sV [ALL]</name>
		<items>
			<hash_1400249d56eefc5ad96adcab0c4da423d77c4d>
				<sequence>1</sequence>
				<type>4</type>
				<value>ALL_DATA_SOURCES_DUPS</value>
			</hash_1400249d56eefc5ad96adcab0c4da423d77c4d>
			<hash_14002486fcffc6638de61e13a1d3c1204f3701>
				<sequence>2</sequence>
				<type>6</type>
				<value>.00574</value>
			</hash_14002486fcffc6638de61e13a1d3c1204f3701>
			<hash_140024046a77b157a0ebfbf5615d7e95706b05>
				<sequence>3</sequence>
				<type>2</type>
				<value>3</value>
			</hash_140024046a77b157a0ebfbf5615d7e95706b05>
		</items>
	</hash_050024d447c5ff7a0178fc8fbb876664d9e537>
	<hash_050024cc05d5a35f0251c7f8a31ffb1672303c>
		<name>Geiger - sV [AVG]</name>
		<items>
			<hash_140024a591d62e326ff497adf30ef867c56437>
				<sequence>1</sequence>
				<type>4</type>
				<value>CURRENT_DATA_SOURCE</value>
			</hash_140024a591d62e326ff497adf30ef867c56437>
			<hash_140024cddc32f30b330cac8a688aef88e726c6>
				<sequence>2</sequence>
				<type>6</type>
				<value>.00574</value>
			</hash_140024cddc32f30b330cac8a688aef88e726c6>
			<hash_14002450b56330a9606d5ac07f0d0bc09061ee>
				<sequence>3</sequence>
				<type>2</type>
				<value>3</value>
			</hash_14002450b56330a9606d5ac07f0d0bc09061ee>
		</items>
	</hash_050024cc05d5a35f0251c7f8a31ffb1672303c>
	<hash_0500244c68affe923a8ead196811f02f86ac83>
		<name>Geiger - mR [ALL]</name>
		<items>
			<hash_14002442f4996914570333a95566f468d2bc38>
				<sequence>1</sequence>
				<type>4</type>
				<value>ALL_DATA_SOURCES_DUPS</value>
			</hash_14002442f4996914570333a95566f468d2bc38>
			<hash_1400245c05bf7bc6e9950b5018c09a489dd735>
				<sequence>2</sequence>
				<type>6</type>
				<value>.00574</value>
			</hash_1400245c05bf7bc6e9950b5018c09a489dd735>
			<hash_140024116e618bba413919cf77dfdc9afd9767>
				<sequence>3</sequence>
				<type>2</type>
				<value>3</value>
			</hash_140024116e618bba413919cf77dfdc9afd9767>
			<hash_1400240ded1c267829f8f1295cb0f69e744606>
				<sequence>4</sequence>
				<type>6</type>
				<value>.115</value>
			</hash_1400240ded1c267829f8f1295cb0f69e744606>
			<hash_1400248ca27335da50717d0cbd0ce2f46a662f>
				<sequence>5</sequence>
				<type>2</type>
				<value>3</value>
			</hash_1400248ca27335da50717d0cbd0ce2f46a662f>
		</items>
	</hash_0500244c68affe923a8ead196811f02f86ac83>
	<hash_0500245764784fd28689040b6d543a3b46858e>
		<name>Geiger - mR [AVG]</name>
		<items>
			<hash_140024980ebb22487412aeead69f8ca70f132d>
				<sequence>1</sequence>
				<type>4</type>
				<value>CURRENT_DATA_SOURCE</value>
			</hash_140024980ebb22487412aeead69f8ca70f132d>
			<hash_14002404dc511a5a8f2a3f550ad1f63d5cd09c>
				<sequence>2</sequence>
				<type>6</type>
				<value>.00574</value>
			</hash_14002404dc511a5a8f2a3f550ad1f63d5cd09c>
			<hash_14002404e979df5fca9a0ac28be5440ee24bb8>
				<sequence>3</sequence>
				<type>2</type>
				<value>3</value>
			</hash_14002404e979df5fca9a0ac28be5440ee24bb8>
			<hash_140024f44396343a20f61425d5e685cbeeb2d8>
				<sequence>4</sequence>
				<type>6</type>
				<value>.115</value>
			</hash_140024f44396343a20f61425d5e685cbeeb2d8>
			<hash_14002452b08bd81ebbac86321f306c27d11b9c>
				<sequence>5</sequence>
				<type>2</type>
				<value>3</value>
			</hash_14002452b08bd81ebbac86321f306c27d11b9c>
		</items>
	</hash_0500245764784fd28689040b6d543a3b46858e>
	<hash_060024e9c43831e54eca8069317a2ce8c6f751>
		<name>Normal</name>
		<gprint_text>%8.2lf %s</gprint_text>
	</hash_060024e9c43831e54eca8069317a2ce8c6f751>
	<hash_06002419414480d6897c8731c7dc6c5310653e>
		<name>Exact Numbers</name>
		<gprint_text>%8.0lf</gprint_text>
	</hash_06002419414480d6897c8731c7dc6c5310653e>
	<hash_060024bf29fc5b9d98d790bfb1c8f16bde6146>
		<name>MicroSievert</name>
		<gprint_text>%0.4lf uSv/t</gprint_text>
	</hash_060024bf29fc5b9d98d790bfb1c8f16bde6146>
	<hash_060024f76de9989a66576a07201a09c0500dbd>
		<name>Interger</name>
		<gprint_text>%3.0lf</gprint_text>
	</hash_060024f76de9989a66576a07201a09c0500dbd>
	<hash_0600245e7ca625bb1039ad21c47e7ac0108de7>
		<name>MilliRoentgen</name>
		<gprint_text>%0.4lf mR/t </gprint_text>
	</hash_0600245e7ca625bb1039ad21c47e7ac0108de7>
</cacti>