<cacti>	
	<hash_000024ea8af6eb22f9156aee1b77f27be2919e>
		<name>Cisco Dot11 - Active Wireless Clients</name>
		<graph>
			<t_title></t_title>
			<title>|host_description| - Active Wireless Clients</title>
			<t_image_format_id></t_image_format_id>
			<image_format_id>1</image_format_id>
			<t_height></t_height>
			<height>120</height>
			<t_width></t_width>
			<width>500</width>
			<t_slope_mode></t_slope_mode>
			<slope_mode>on</slope_mode>
			<t_auto_scale></t_auto_scale>
			<auto_scale>on</auto_scale>
			<t_auto_scale_opts></t_auto_scale_opts>
			<auto_scale_opts>2</auto_scale_opts>
			<t_auto_scale_log></t_auto_scale_log>
			<auto_scale_log></auto_scale_log>
			<t_scale_log_units></t_scale_log_units>
			<scale_log_units></scale_log_units>
			<t_auto_scale_rigid></t_auto_scale_rigid>
			<auto_scale_rigid>on</auto_scale_rigid>
			<t_auto_padding></t_auto_padding>
			<auto_padding>on</auto_padding>
			<t_export></t_export>
			<export>on</export>
			<t_upper_limit></t_upper_limit>
			<upper_limit>100</upper_limit>
			<t_lower_limit></t_lower_limit>
			<lower_limit>0</lower_limit>
			<t_base_value></t_base_value>
			<base_value>1000</base_value>
			<t_unit_value></t_unit_value>
			<unit_value></unit_value>
			<t_unit_exponent_value></t_unit_exponent_value>
			<unit_exponent_value></unit_exponent_value>
			<t_vertical_label></t_vertical_label>
			<vertical_label>Associations</vertical_label>
		</graph>
		<items>
			<hash_1000241bc4c70c3cfe84856dd6d92eb9ba2d9b>
				<task_item_id>0</task_item_id>
				<color_id>0</color_id>
				<alpha>FF</alpha>
				<graph_type_id>1</graph_type_id>
				<consolidation_function_id>4</consolidation_function_id>
				<cdef_id>0</cdef_id>
				<value></value>
				<gprint_id>hash_060024e9c43831e54eca8069317a2ce8c6f751</gprint_id>
				<text_format>  Radio                 LAST</text_format>
				<hard_return></hard_return>
				<sequence>1</sequence>
			</hash_1000241bc4c70c3cfe84856dd6d92eb9ba2d9b>
			<hash_10002413bebc744e20bb51819df27104f0f99e>
				<task_item_id>0</task_item_id>
				<color_id>0</color_id>
				<alpha>FF</alpha>
				<graph_type_id>1</graph_type_id>
				<consolidation_function_id>1</consolidation_function_id>
				<cdef_id>0</cdef_id>
				<value></value>
				<gprint_id>hash_060024e9c43831e54eca8069317a2ce8c6f751</gprint_id>
				<text_format>    AVG</text_format>
				<hard_return></hard_return>
				<sequence>3</sequence>
			</hash_10002413bebc744e20bb51819df27104f0f99e>
			<hash_100024ad9fb93cfe10f1d1b094175c2b43f89d>
				<task_item_id>0</task_item_id>
				<color_id>0</color_id>
				<alpha>FF</alpha>
				<graph_type_id>1</graph_type_id>
				<consolidation_function_id>2</consolidation_function_id>
				<cdef_id>0</cdef_id>
				<value></value>
				<gprint_id>hash_060024e9c43831e54eca8069317a2ce8c6f751</gprint_id>
				<text_format>     MIN</text_format>
				<hard_return></hard_return>
				<sequence>4</sequence>
			</hash_100024ad9fb93cfe10f1d1b094175c2b43f89d>
			<hash_10002481df9ec033c42c0e1c98590256af15dc>
				<task_item_id>0</task_item_id>
				<color_id>0</color_id>
				<alpha>FF</alpha>
				<graph_type_id>1</graph_type_id>
				<consolidation_function_id>3</consolidation_function_id>
				<cdef_id>0</cdef_id>
				<value></value>
				<gprint_id>hash_060024e9c43831e54eca8069317a2ce8c6f751</gprint_id>
				<text_format>     MAX</text_format>
				<hard_return>on</hard_return>
				<sequence>6</sequence>
			</hash_10002481df9ec033c42c0e1c98590256af15dc>
			<hash_1000247d0978f0d48c07111ea7158b8aa7bc93>
				<task_item_id>hash_080024519d923ddb4c78cef92029baf4eccb28</task_item_id>
				<color_id>FFD660</color_id>
				<alpha>CC</alpha>
				<graph_type_id>7</graph_type_id>
				<consolidation_function_id>1</consolidation_function_id>
				<cdef_id>0</cdef_id>
				<value></value>
				<gprint_id>hash_060024e9c43831e54eca8069317a2ce8c6f751</gprint_id>
				<text_format>802.11N 2.4GHz</text_format>
				<hard_return></hard_return>
				<sequence>7</sequence>
			</hash_1000247d0978f0d48c07111ea7158b8aa7bc93>
			<hash_1000240104d202819cf473cac4fae031c1f863>
				<task_item_id>hash_080024519d923ddb4c78cef92029baf4eccb28</task_item_id>
				<color_id>0</color_id>
				<alpha>FF</alpha>
				<graph_type_id>9</graph_type_id>
				<consolidation_function_id>4</consolidation_function_id>
				<cdef_id>0</cdef_id>
				<value></value>
				<gprint_id>hash_06002419414480d6897c8731c7dc6c5310653e</gprint_id>
				<text_format></text_format>
				<hard_return></hard_return>
				<sequence>8</sequence>
			</hash_1000240104d202819cf473cac4fae031c1f863>
			<hash_100024600ffd3aa1836ce8cfb049cd490d34af>
				<task_item_id>hash_080024519d923ddb4c78cef92029baf4eccb28</task_item_id>
				<color_id>0</color_id>
				<alpha>FF</alpha>
				<graph_type_id>9</graph_type_id>
				<consolidation_function_id>1</consolidation_function_id>
				<cdef_id>0</cdef_id>
				<value></value>
				<gprint_id>hash_06002419414480d6897c8731c7dc6c5310653e</gprint_id>
				<text_format></text_format>
				<hard_return></hard_return>
				<sequence>9</sequence>
			</hash_100024600ffd3aa1836ce8cfb049cd490d34af>
			<hash_1000248e92dde26a26e57e200c17949725b832>
				<task_item_id>hash_080024519d923ddb4c78cef92029baf4eccb28</task_item_id>
				<color_id>0</color_id>
				<alpha>FF</alpha>
				<graph_type_id>9</graph_type_id>
				<consolidation_function_id>2</consolidation_function_id>
				<cdef_id>0</cdef_id>
				<value></value>
				<gprint_id>hash_06002419414480d6897c8731c7dc6c5310653e</gprint_id>
				<text_format></text_format>
				<hard_return></hard_return>
				<sequence>10</sequence>
			</hash_1000248e92dde26a26e57e200c17949725b832>
			<hash_100024072a4469da79064801bfb7c7a4afbcc5>
				<task_item_id>hash_080024519d923ddb4c78cef92029baf4eccb28</task_item_id>
				<color_id>0</color_id>
				<alpha>FF</alpha>
				<graph_type_id>9</graph_type_id>
				<consolidation_function_id>3</consolidation_function_id>
				<cdef_id>0</cdef_id>
				<value></value>
				<gprint_id>hash_06002419414480d6897c8731c7dc6c5310653e</gprint_id>
				<text_format></text_format>
				<hard_return>on</hard_return>
				<sequence>11</sequence>
			</hash_100024072a4469da79064801bfb7c7a4afbcc5>
			<hash_1000247f07ef7291d087ba182877e920614811>
				<task_item_id>hash_080024b844ad49187c37453217782619f30b9d</task_item_id>
				<color_id>FF5700</color_id>
				<alpha>B2</alpha>
				<graph_type_id>8</graph_type_id>
				<consolidation_function_id>1</consolidation_function_id>
				<cdef_id>0</cdef_id>
				<value></value>
				<gprint_id>hash_060024e9c43831e54eca8069317a2ce8c6f751</gprint_id>
				<text_format>802.11N 5GHz</text_format>
				<hard_return></hard_return>
				<sequence>12</sequence>
			</hash_1000247f07ef7291d087ba182877e920614811>
			<hash_100024dd034adf277106fa4eed2abe0c560b82>
				<task_item_id>hash_080024b844ad49187c37453217782619f30b9d</task_item_id>
				<color_id>0</color_id>
				<alpha>FF</alpha>
				<graph_type_id>9</graph_type_id>
				<consolidation_function_id>4</consolidation_function_id>
				<cdef_id>0</cdef_id>
				<value></value>
				<gprint_id>hash_06002419414480d6897c8731c7dc6c5310653e</gprint_id>
				<text_format></text_format>
				<hard_return></hard_return>
				<sequence>13</sequence>
			</hash_100024dd034adf277106fa4eed2abe0c560b82>
			<hash_10002482f94c87bb9d58c484eccea2c37db797>
				<task_item_id>hash_080024b844ad49187c37453217782619f30b9d</task_item_id>
				<color_id>0</color_id>
				<alpha>FF</alpha>
				<graph_type_id>9</graph_type_id>
				<consolidation_function_id>1</consolidation_function_id>
				<cdef_id>0</cdef_id>
				<value></value>
				<gprint_id>hash_06002419414480d6897c8731c7dc6c5310653e</gprint_id>
				<text_format></text_format>
				<hard_return></hard_return>
				<sequence>14</sequence>
			</hash_10002482f94c87bb9d58c484eccea2c37db797>
			<hash_10002452c4a1d54e9d3c66e543dd677d44e629>
				<task_item_id>hash_080024b844ad49187c37453217782619f30b9d</task_item_id>
				<color_id>0</color_id>
				<alpha>FF</alpha>
				<graph_type_id>9</graph_type_id>
				<consolidation_function_id>2</consolidation_function_id>
				<cdef_id>0</cdef_id>
				<value></value>
				<gprint_id>hash_06002419414480d6897c8731c7dc6c5310653e</gprint_id>
				<text_format></text_format>
				<hard_return></hard_return>
				<sequence>15</sequence>
			</hash_10002452c4a1d54e9d3c66e543dd677d44e629>
			<hash_100024a340f1bd1e9ad56ab26658dbe23c03a9>
				<task_item_id>hash_080024b844ad49187c37453217782619f30b9d</task_item_id>
				<color_id>0</color_id>
				<alpha>FF</alpha>
				<graph_type_id>9</graph_type_id>
				<consolidation_function_id>3</consolidation_function_id>
				<cdef_id>0</cdef_id>
				<value></value>
				<gprint_id>hash_06002419414480d6897c8731c7dc6c5310653e</gprint_id>
				<text_format></text_format>
				<hard_return>on</hard_return>
				<sequence>16</sequence>
			</hash_100024a340f1bd1e9ad56ab26658dbe23c03a9>
			<hash_100024403dbfffc3ff735ce502610f0f67dfde>
				<task_item_id>hash_080024d877c3d755b56dd942f94be7b83e32e3</task_item_id>
				<color_id>FF0000</color_id>
				<alpha>99</alpha>
				<graph_type_id>8</graph_type_id>
				<consolidation_function_id>1</consolidation_function_id>
				<cdef_id>0</cdef_id>
				<value></value>
				<gprint_id>hash_060024e9c43831e54eca8069317a2ce8c6f751</gprint_id>
				<text_format>802.11AC 5GHz</text_format>
				<hard_return></hard_return>
				<sequence>18</sequence>
			</hash_100024403dbfffc3ff735ce502610f0f67dfde>
			<hash_100024ec2c80b5599bc59e892bb655a3fddedd>
				<task_item_id>hash_080024d877c3d755b56dd942f94be7b83e32e3</task_item_id>
				<color_id>0</color_id>
				<alpha>FF</alpha>
				<graph_type_id>9</graph_type_id>
				<consolidation_function_id>4</consolidation_function_id>
				<cdef_id>0</cdef_id>
				<value></value>
				<gprint_id>hash_06002419414480d6897c8731c7dc6c5310653e</gprint_id>
				<text_format></text_format>
				<hard_return></hard_return>
				<sequence>19</sequence>
			</hash_100024ec2c80b5599bc59e892bb655a3fddedd>
			<hash_100024e040bd4bc5be6ce5d807a14f2f5a16f3>
				<task_item_id>hash_080024d877c3d755b56dd942f94be7b83e32e3</task_item_id>
				<color_id>0</color_id>
				<alpha>FF</alpha>
				<graph_type_id>9</graph_type_id>
				<consolidation_function_id>1</consolidation_function_id>
				<cdef_id>0</cdef_id>
				<value></value>
				<gprint_id>hash_06002419414480d6897c8731c7dc6c5310653e</gprint_id>
				<text_format></text_format>
				<hard_return></hard_return>
				<sequence>20</sequence>
			</hash_100024e040bd4bc5be6ce5d807a14f2f5a16f3>
			<hash_1000244e194f95a8329840024e4f8a64c56649>
				<task_item_id>hash_080024d877c3d755b56dd942f94be7b83e32e3</task_item_id>
				<color_id>0</color_id>
				<alpha>FF</alpha>
				<graph_type_id>9</graph_type_id>
				<consolidation_function_id>2</consolidation_function_id>
				<cdef_id>0</cdef_id>
				<value></value>
				<gprint_id>hash_06002419414480d6897c8731c7dc6c5310653e</gprint_id>
				<text_format></text_format>
				<hard_return></hard_return>
				<sequence>22</sequence>
			</hash_1000244e194f95a8329840024e4f8a64c56649>
			<hash_1000240e7fd47669ff4525b8214ac246cb53db>
				<task_item_id>hash_080024d877c3d755b56dd942f94be7b83e32e3</task_item_id>
				<color_id>0</color_id>
				<alpha>FF</alpha>
				<graph_type_id>9</graph_type_id>
				<consolidation_function_id>3</consolidation_function_id>
				<cdef_id>0</cdef_id>
				<value></value>
				<gprint_id>hash_06002419414480d6897c8731c7dc6c5310653e</gprint_id>
				<text_format></text_format>
				<hard_return>on</hard_return>
				<sequence>23</sequence>
			</hash_1000240e7fd47669ff4525b8214ac246cb53db>
		</items>
		<inputs>
			<hash_09002437df64fa0dd757aa34a0b5bc130474db>
				<name>Data Source [Radio0_Assoc]</name>
				<description></description>
				<column_name>task_item_id</column_name>
				<items>hash_0000247d0978f0d48c07111ea7158b8aa7bc93|hash_0000240104d202819cf473cac4fae031c1f863|hash_000024600ffd3aa1836ce8cfb049cd490d34af|hash_000024072a4469da79064801bfb7c7a4afbcc5|hash_0000248e92dde26a26e57e200c17949725b832</items>
			</hash_09002437df64fa0dd757aa34a0b5bc130474db>
			<hash_090024e47811181b6ab4fd8c34f259be8a267a>
				<name>Data Source [Radio1_Assoc]</name>
				<description></description>
				<column_name>task_item_id</column_name>
				<items>hash_0000247f07ef7291d087ba182877e920614811|hash_000024dd034adf277106fa4eed2abe0c560b82|hash_00002482f94c87bb9d58c484eccea2c37db797|hash_000024a340f1bd1e9ad56ab26658dbe23c03a9|hash_00002452c4a1d54e9d3c66e543dd677d44e629</items>
			</hash_090024e47811181b6ab4fd8c34f259be8a267a>
			<hash_09002405ab9e28dd2127445708e121aadb5e03>
				<name>Data Source [Radio2_Assoc]</name>
				<description></description>
				<column_name>task_item_id</column_name>
				<items>hash_000024403dbfffc3ff735ce502610f0f67dfde|hash_000024ec2c80b5599bc59e892bb655a3fddedd|hash_000024e040bd4bc5be6ce5d807a14f2f5a16f3|hash_0000244e194f95a8329840024e4f8a64c56649|hash_0000240e7fd47669ff4525b8214ac246cb53db</items>
			</hash_09002405ab9e28dd2127445708e121aadb5e03>
		</inputs>
	</hash_000024ea8af6eb22f9156aee1b77f27be2919e>
	<hash_01002466a65eeb52ba0c341e72c0628fc90db4>
		<name>Cisco Dot11 - Radio0 Associations</name>
		<ds>
			<t_name></t_name>
			<name>|host_description| - Radio0 Associations</name>
			<data_input_id>hash_0300243eb92bb845b9660a7445cf9740726522</data_input_id>
			<t_rra_id></t_rra_id>
			<t_rrd_step></t_rrd_step>
			<rrd_step>300</rrd_step>
			<t_active></t_active>
			<active>on</active>
			<rra_items>hash_150024c21df5178e5c955013591239eb0afd46|hash_1500240d9c0af8b8acdc7807943937b3208e29|hash_1500246fc2d038fb42950138b0ce3e9874cc60|hash_150024e36f3adb9f152adfa5dc50fd2b23337e</rra_items>
		</ds>
		<items>
			<hash_080024519d923ddb4c78cef92029baf4eccb28>
				<t_data_source_name></t_data_source_name>
				<data_source_name>Radio0_Assoc</data_source_name>
				<t_rrd_minimum></t_rrd_minimum>
				<rrd_minimum>0</rrd_minimum>
				<t_rrd_maximum></t_rrd_maximum>
				<rrd_maximum>100</rrd_maximum>
				<t_data_source_type_id></t_data_source_type_id>
				<data_source_type_id>1</data_source_type_id>
				<t_rrd_heartbeat></t_rrd_heartbeat>
				<rrd_heartbeat>600</rrd_heartbeat>
				<t_data_input_field_id></t_data_input_field_id>
				<data_input_field_id>0</data_input_field_id>
			</hash_080024519d923ddb4c78cef92029baf4eccb28>
		</items>
		<data>
			<item_000>
				<data_input_field_id>hash_070024feda162701240101bc74148415ef415a</data_input_field_id>
				<t_value></t_value>
				<value></value>
			</item_000>
			<item_001>
				<data_input_field_id>hash_070024c60c9aac1e1b3555ea0620b8bbfd82cb</data_input_field_id>
				<t_value></t_value>
				<value></value>
			</item_001>
			<item_002>
				<data_input_field_id>hash_07002420832ce12f099c8e54140793a091af90</data_input_field_id>
				<t_value></t_value>
				<value></value>
			</item_002>
			<item_003>
				<data_input_field_id>hash_070024fc64b99742ec417cc424dbf8c7692d36</data_input_field_id>
				<t_value></t_value>
				<value></value>
			</item_003>
			<item_004>
				<data_input_field_id>hash_0700244276a5ec6e3fe33995129041b1909762</data_input_field_id>
				<t_value></t_value>
				<value>.1.3.6.1.4.1.9.9.273.1.1.2.1.1.1</value>
			</item_004>
			<item_005>
				<data_input_field_id>hash_070024012ccb1d3687d3edb29c002ea66e72da</data_input_field_id>
				<t_value></t_value>
				<value></value>
			</item_005>
			<item_006>
				<data_input_field_id>hash_0700249c55a74bd571b4f00a96fd4b793278c6</data_input_field_id>
				<t_value></t_value>
				<value></value>
			</item_006>
			<item_007>
				<data_input_field_id>hash_070024ad14ac90641aed388139f6ba86a2e48b</data_input_field_id>
				<t_value></t_value>
				<value></value>
			</item_007>
			<item_008>
				<data_input_field_id>hash_07002432285d5bf16e56c478f5e83f32cda9ef</data_input_field_id>
				<t_value></t_value>
				<value></value>
			</item_008>
			<item_009>
				<data_input_field_id>hash_07002492f5906c8dc0f964b41f4253df582c38</data_input_field_id>
				<t_value></t_value>
				<value></value>
			</item_009>
		</data>
	</hash_01002466a65eeb52ba0c341e72c0628fc90db4>
	<hash_010024332d7af06941c69e2c3cd3558c75d98b>
		<name>Cisco Dot11 - Radio1 Associations</name>
		<ds>
			<t_name></t_name>
			<name>|host_description| - Radio1 Associations</name>
			<data_input_id>hash_0300243eb92bb845b9660a7445cf9740726522</data_input_id>
			<t_rra_id></t_rra_id>
			<t_rrd_step></t_rrd_step>
			<rrd_step>300</rrd_step>
			<t_active></t_active>
			<active>on</active>
			<rra_items>hash_150024c21df5178e5c955013591239eb0afd46|hash_1500240d9c0af8b8acdc7807943937b3208e29|hash_1500246fc2d038fb42950138b0ce3e9874cc60|hash_150024e36f3adb9f152adfa5dc50fd2b23337e</rra_items>
		</ds>
		<items>
			<hash_080024b844ad49187c37453217782619f30b9d>
				<t_data_source_name></t_data_source_name>
				<data_source_name>Radio1_Assoc</data_source_name>
				<t_rrd_minimum></t_rrd_minimum>
				<rrd_minimum>0</rrd_minimum>
				<t_rrd_maximum></t_rrd_maximum>
				<rrd_maximum>100</rrd_maximum>
				<t_data_source_type_id></t_data_source_type_id>
				<data_source_type_id>1</data_source_type_id>
				<t_rrd_heartbeat></t_rrd_heartbeat>
				<rrd_heartbeat>600</rrd_heartbeat>
				<t_data_input_field_id></t_data_input_field_id>
				<data_input_field_id>0</data_input_field_id>
			</hash_080024b844ad49187c37453217782619f30b9d>
		</items>
		<data>
			<item_000>
				<data_input_field_id>hash_070024feda162701240101bc74148415ef415a</data_input_field_id>
				<t_value></t_value>
				<value></value>
			</item_000>
			<item_001>
				<data_input_field_id>hash_070024c60c9aac1e1b3555ea0620b8bbfd82cb</data_input_field_id>
				<t_value></t_value>
				<value></value>
			</item_001>
			<item_002>
				<data_input_field_id>hash_0700244276a5ec6e3fe33995129041b1909762</data_input_field_id>
				<t_value></t_value>
				<value>.1.3.6.1.4.1.9.9.273.1.1.2.1.1.2</value>
			</item_002>
			<item_003>
				<data_input_field_id>hash_070024fc64b99742ec417cc424dbf8c7692d36</data_input_field_id>
				<t_value></t_value>
				<value></value>
			</item_003>
			<item_004>
				<data_input_field_id>hash_07002420832ce12f099c8e54140793a091af90</data_input_field_id>
				<t_value></t_value>
				<value></value>
			</item_004>
			<item_005>
				<data_input_field_id>hash_070024012ccb1d3687d3edb29c002ea66e72da</data_input_field_id>
				<t_value></t_value>
				<value></value>
			</item_005>
			<item_006>
				<data_input_field_id>hash_0700249c55a74bd571b4f00a96fd4b793278c6</data_input_field_id>
				<t_value></t_value>
				<value></value>
			</item_006>
			<item_007>
				<data_input_field_id>hash_070024ad14ac90641aed388139f6ba86a2e48b</data_input_field_id>
				<t_value></t_value>
				<value></value>
			</item_007>
			<item_008>
				<data_input_field_id>hash_07002432285d5bf16e56c478f5e83f32cda9ef</data_input_field_id>
				<t_value></t_value>
				<value></value>
			</item_008>
			<item_009>
				<data_input_field_id>hash_07002492f5906c8dc0f964b41f4253df582c38</data_input_field_id>
				<t_value></t_value>
				<value></value>
			</item_009>
		</data>
	</hash_010024332d7af06941c69e2c3cd3558c75d98b>
	<hash_010024a28e5e29ff03cbf18042fa02ace5c857>
		<name>Cisco Dot11 - Radio2 Associations</name>
		<ds>
			<t_name></t_name>
			<name>|host_description| - Radio2 Associations</name>
			<data_input_id>hash_0300243eb92bb845b9660a7445cf9740726522</data_input_id>
			<t_rra_id></t_rra_id>
			<t_rrd_step></t_rrd_step>
			<rrd_step>300</rrd_step>
			<t_active></t_active>
			<active>on</active>
			<rra_items>hash_150024c21df5178e5c955013591239eb0afd46|hash_1500240d9c0af8b8acdc7807943937b3208e29|hash_1500246fc2d038fb42950138b0ce3e9874cc60|hash_150024e36f3adb9f152adfa5dc50fd2b23337e</rra_items>
		</ds>
		<items>
			<hash_080024d877c3d755b56dd942f94be7b83e32e3>
				<t_data_source_name></t_data_source_name>
				<data_source_name>Radio2_Assoc</data_source_name>
				<t_rrd_minimum></t_rrd_minimum>
				<rrd_minimum>0</rrd_minimum>
				<t_rrd_maximum></t_rrd_maximum>
				<rrd_maximum>100</rrd_maximum>
				<t_data_source_type_id></t_data_source_type_id>
				<data_source_type_id>1</data_source_type_id>
				<t_rrd_heartbeat></t_rrd_heartbeat>
				<rrd_heartbeat>600</rrd_heartbeat>
				<t_data_input_field_id></t_data_input_field_id>
				<data_input_field_id>0</data_input_field_id>
			</hash_080024d877c3d755b56dd942f94be7b83e32e3>
		</items>
		<data>
			<item_000>
				<data_input_field_id>hash_070024feda162701240101bc74148415ef415a</data_input_field_id>
				<t_value></t_value>
				<value></value>
			</item_000>
			<item_001>
				<data_input_field_id>hash_070024c60c9aac1e1b3555ea0620b8bbfd82cb</data_input_field_id>
				<t_value></t_value>
				<value></value>
			</item_001>
			<item_002>
				<data_input_field_id>hash_07002420832ce12f099c8e54140793a091af90</data_input_field_id>
				<t_value></t_value>
				<value></value>
			</item_002>
			<item_003>
				<data_input_field_id>hash_070024fc64b99742ec417cc424dbf8c7692d36</data_input_field_id>
				<t_value></t_value>
				<value></value>
			</item_003>
			<item_004>
				<data_input_field_id>hash_0700244276a5ec6e3fe33995129041b1909762</data_input_field_id>
				<t_value></t_value>
				<value>.1.3.6.1.4.1.9.9.273.1.1.2.1.1.10</value>
			</item_004>
			<item_005>
				<data_input_field_id>hash_070024012ccb1d3687d3edb29c002ea66e72da</data_input_field_id>
				<t_value></t_value>
				<value></value>
			</item_005>
			<item_006>
				<data_input_field_id>hash_0700249c55a74bd571b4f00a96fd4b793278c6</data_input_field_id>
				<t_value></t_value>
				<value></value>
			</item_006>
			<item_007>
				<data_input_field_id>hash_070024ad14ac90641aed388139f6ba86a2e48b</data_input_field_id>
				<t_value></t_value>
				<value></value>
			</item_007>
			<item_008>
				<data_input_field_id>hash_07002432285d5bf16e56c478f5e83f32cda9ef</data_input_field_id>
				<t_value></t_value>
				<value></value>
			</item_008>
			<item_009>
				<data_input_field_id>hash_07002492f5906c8dc0f964b41f4253df582c38</data_input_field_id>
				<t_value></t_value>
				<value></value>
			</item_009>
		</data>
	</hash_010024a28e5e29ff03cbf18042fa02ace5c857>
	<hash_0300243eb92bb845b9660a7445cf9740726522>
		<name>Get SNMP Data</name>
		<type_id>2</type_id>
		<input_string></input_string>
		<fields>
			<hash_07002492f5906c8dc0f964b41f4253df582c38>
				<name>SNMP IP Address</name>
				<update_rra></update_rra>
				<regexp_match></regexp_match>
				<allow_nulls></allow_nulls>
				<type_code>hostname</type_code>
				<input_output>in</input_output>
				<data_name>management_ip</data_name>
			</hash_07002492f5906c8dc0f964b41f4253df582c38>
			<hash_07002432285d5bf16e56c478f5e83f32cda9ef>
				<name>SNMP Community</name>
				<update_rra></update_rra>
				<regexp_match></regexp_match>
				<allow_nulls></allow_nulls>
				<type_code>snmp_community</type_code>
				<input_output>in</input_output>
				<data_name>snmp_community</data_name>
			</hash_07002432285d5bf16e56c478f5e83f32cda9ef>
			<hash_070024ad14ac90641aed388139f6ba86a2e48b>
				<name>SNMP Username</name>
				<update_rra></update_rra>
				<regexp_match></regexp_match>
				<allow_nulls>on</allow_nulls>
				<type_code>snmp_username</type_code>
				<input_output>in</input_output>
				<data_name>snmp_username</data_name>
			</hash_070024ad14ac90641aed388139f6ba86a2e48b>
			<hash_0700249c55a74bd571b4f00a96fd4b793278c6>
				<name>SNMP Password</name>
				<update_rra></update_rra>
				<regexp_match></regexp_match>
				<allow_nulls>on</allow_nulls>
				<type_code>snmp_password</type_code>
				<input_output>in</input_output>
				<data_name>snmp_password</data_name>
			</hash_0700249c55a74bd571b4f00a96fd4b793278c6>
			<hash_070024012ccb1d3687d3edb29c002ea66e72da>
				<name>SNMP Version (1, 2, or 3)</name>
				<update_rra></update_rra>
				<regexp_match></regexp_match>
				<allow_nulls>on</allow_nulls>
				<type_code>snmp_version</type_code>
				<input_output>in</input_output>
				<data_name>snmp_version</data_name>
			</hash_070024012ccb1d3687d3edb29c002ea66e72da>
			<hash_0700244276a5ec6e3fe33995129041b1909762>
				<name>OID</name>
				<update_rra></update_rra>
				<regexp_match></regexp_match>
				<allow_nulls></allow_nulls>
				<type_code>snmp_oid</type_code>
				<input_output>in</input_output>
				<data_name>oid</data_name>
			</hash_0700244276a5ec6e3fe33995129041b1909762>
			<hash_070024fc64b99742ec417cc424dbf8c7692d36>
				<name>SNMP Port</name>
				<update_rra></update_rra>
				<regexp_match></regexp_match>
				<allow_nulls></allow_nulls>
				<type_code>snmp_port</type_code>
				<input_output>in</input_output>
				<data_name>snmp_port</data_name>
			</hash_070024fc64b99742ec417cc424dbf8c7692d36>
			<hash_07002420832ce12f099c8e54140793a091af90>
				<name>SNMP Authenticaion Protocol (v3)</name>
				<update_rra></update_rra>
				<regexp_match></regexp_match>
				<allow_nulls></allow_nulls>
				<type_code>snmp_auth_protocol</type_code>
				<input_output>in</input_output>
				<data_name>snmp_auth_protocol</data_name>
			</hash_07002420832ce12f099c8e54140793a091af90>
			<hash_070024c60c9aac1e1b3555ea0620b8bbfd82cb>
				<name>SNMP Privacy Passphrase (v3)</name>
				<update_rra></update_rra>
				<regexp_match></regexp_match>
				<allow_nulls></allow_nulls>
				<type_code>snmp_priv_passphrase</type_code>
				<input_output>in</input_output>
				<data_name>snmp_priv_passphrase</data_name>
			</hash_070024c60c9aac1e1b3555ea0620b8bbfd82cb>
			<hash_070024feda162701240101bc74148415ef415a>
				<name>SNMP Privacy Protocol (v3)</name>
				<update_rra></update_rra>
				<regexp_match></regexp_match>
				<allow_nulls></allow_nulls>
				<type_code>snmp_priv_protocol</type_code>
				<input_output>in</input_output>
				<data_name>snmp_priv_protocol</data_name>
			</hash_070024feda162701240101bc74148415ef415a>
		</fields>
	</hash_0300243eb92bb845b9660a7445cf9740726522>
	<hash_150024c21df5178e5c955013591239eb0afd46>
		<name>Daily (5 Minute Average)</name>
		<x_files_factor>0.5</x_files_factor>
		<steps>1</steps>
		<rows>600</rows>
		<timespan>86400</timespan>
		<cf_items>1|3</cf_items>
	</hash_150024c21df5178e5c955013591239eb0afd46>
	<hash_1500240d9c0af8b8acdc7807943937b3208e29>
		<name>Weekly (30 Minute Average)</name>
		<x_files_factor>0.5</x_files_factor>
		<steps>6</steps>
		<rows>700</rows>
		<timespan>604800</timespan>
		<cf_items>1|3</cf_items>
	</hash_1500240d9c0af8b8acdc7807943937b3208e29>
	<hash_1500246fc2d038fb42950138b0ce3e9874cc60>
		<name>Monthly (2 Hour Average)</name>
		<x_files_factor>0.5</x_files_factor>
		<steps>24</steps>
		<rows>775</rows>
		<timespan>2678400</timespan>
		<cf_items>1|3</cf_items>
	</hash_1500246fc2d038fb42950138b0ce3e9874cc60>
	<hash_150024e36f3adb9f152adfa5dc50fd2b23337e>
		<name>Yearly (1 Day Average)</name>
		<x_files_factor>0.5</x_files_factor>
		<steps>288</steps>
		<rows>797</rows>
		<timespan>33053184</timespan>
		<cf_items>1|3</cf_items>
	</hash_150024e36f3adb9f152adfa5dc50fd2b23337e>
	<hash_060024e9c43831e54eca8069317a2ce8c6f751>
		<name>Normal</name>
		<gprint_text>%8.2lf %s</gprint_text>
	</hash_060024e9c43831e54eca8069317a2ce8c6f751>
	<hash_06002419414480d6897c8731c7dc6c5310653e>
		<name>Exact Numbers</name>
		<gprint_text>%8.0lf</gprint_text>
	</hash_06002419414480d6897c8731c7dc6c5310653e>
</cacti>